{"cameraMode":{"drawMode":0,"name":"Shaded","section":"Shading Mode"},"sceneLighting":false,"audioPlay":false,"sceneViewState":{"showFog":true,"showMaterialUpdate":false,"showSkybox":false,"showFlares":true,"showImageEffects":true,"showParticleSystems":true},"in2DMode":false,"pivot":{"x":0.2500000298023224,"y":0.9375,"z":0.01562488079071045},"rotation":{"x":-0.19223584234714509,"y":0.6143614649772644,"z":-0.157099187374115,"w":-0.7493509650230408},"size":4.176245212554932,"orthographic":true}