{"cameraMode":{"drawMode":0,"name":"Shaded","section":"Shading Mode"},"sceneLighting":false,"audioPlay":false,"sceneViewState":{"showFog":true,"showMaterialUpdate":false,"showSkybox":false,"showFlares":true,"showImageEffects":true,"showParticleSystems":true},"in2DMode":false,"pivot":{"x":-0.0078125,"y":0.1293177604675293,"z":0.00960133969783783},"rotation":{"x":0.1635928899049759,"y":0.006627965718507767,"z":-0.0015129010425880552,"w":0.9866661429405212},"size":0.9324840307235718,"orthographic":true}