{"cameraMode":{"drawMode":0,"name":"Shaded","section":"Shading Mode"},"sceneLighting":false,"audioPlay":false,"sceneViewState":{"showFog":true,"showMaterialUpdate":false,"showSkybox":false,"showFlares":true,"showImageEffects":true,"showParticleSystems":true},"in2DMode":false,"pivot":{"x":0.0,"y":0.5512754917144775,"z":0.03907120227813721},"rotation":{"x":0.1635928899049759,"y":0.006627965718507767,"z":-0.0015129010425880552,"w":0.9866661429405212},"size":2.4817841053009035,"orthographic":true}