{"cameraMode":{"drawMode":0,"name":"Shaded","section":"Shading Mode"},"sceneLighting":false,"audioPlay":false,"sceneViewState":{"showFog":true,"showMaterialUpdate":false,"showSkybox":false,"showFlares":true,"showImageEffects":true,"showParticleSystems":true},"in2DMode":false,"pivot":{"x":-0.00003078579902648926,"y":0.09931725263595581,"z":0.025260552763938905},"rotation":{"x":-0.25664013624191286,"y":-0.15032164752483369,"z":0.040865566581487659,"w":-0.9541854858398438},"size":1.0934244394302369,"orthographic":true}