{"cameraMode":{"drawMode":0,"name":"Shaded","section":"Shading Mode"},"sceneLighting":false,"audioPlay":false,"sceneViewState":{"showFog":true,"showMaterialUpdate":false,"showSkybox":false,"showFlares":true,"showImageEffects":true,"showParticleSystems":true},"in2DMode":false,"pivot":{"x":-0.3124494254589081,"y":0.9375,"z":-0.8125001192092896},"rotation":{"x":-0.25664013624191286,"y":-0.15032164752483369,"z":0.040865566581487659,"w":-0.9541854858398438},"size":4.221873760223389,"orthographic":true}