{"cameraMode":{"drawMode":0,"name":"Shaded","section":"Shading Mode"},"sceneLighting":false,"audioPlay":false,"sceneViewState":{"showFog":true,"showMaterialUpdate":false,"showSkybox":false,"showFlares":true,"showImageEffects":true,"showParticleSystems":true},"in2DMode":false,"pivot":{"x":-0.2499999701976776,"y":0.9375,"z":-0.8125001788139343},"rotation":{"x":0.12981224060058595,"y":-0.2850455343723297,"z":0.03855479881167412,"w":0.949068009853363},"size":4.176245212554932,"orthographic":true}