{"cameraMode":{"drawMode":0,"name":"Shaded","section":"Shading Mode"},"sceneLighting":false,"audioPlay":false,"sceneViewState":{"showFog":true,"showMaterialUpdate":false,"showSkybox":false,"showFlares":true,"showImageEffects":true,"showParticleSystems":true},"in2DMode":false,"pivot":{"x":-2.9802322387695315e-8,"y":0.8239309787750244,"z":2.9802322387695315e-8},"rotation":{"x":0.1635928899049759,"y":0.006627965718507767,"z":-0.0015129010425880552,"w":0.9866661429405212},"size":3.1764206886291506,"orthographic":true}