{"cameraMode":{"drawMode":0,"name":"Shaded","section":"Shading Mode"},"sceneLighting":false,"audioPlay":false,"sceneViewState":{"showFog":true,"showMaterialUpdate":false,"showSkybox":false,"showFlares":true,"showImageEffects":true,"showParticleSystems":true},"in2DMode":false,"pivot":{"x":-1.1920928955078126e-7,"y":1.5,"z":1.499998927116394},"rotation":{"x":0.4539872109889984,"y":-0.11847853660583496,"z":0.061085134744644168,"w":0.8810286521911621},"size":7.019321918487549,"orthographic":false}