{"cameraMode":{"drawMode":0,"name":"Shaded","section":"Shading Mode"},"sceneLighting":false,"audioPlay":false,"sceneViewState":{"showFog":true,"showMaterialUpdate":false,"showSkybox":false,"showFlares":true,"showImageEffects":true,"showParticleSystems":true},"in2DMode":false,"pivot":{"x":-0.14929865300655366,"y":0.32112908363342287,"z":0.0},"rotation":{"x":0.1635928899049759,"y":0.006627965718507767,"z":-0.0015129010425880552,"w":0.9866661429405212},"size":1.348213791847229,"orthographic":true}