{"cameraMode":{"drawMode":0,"name":"Shaded","section":"Shading Mode"},"sceneLighting":false,"audioPlay":false,"sceneViewState":{"showFog":true,"showMaterialUpdate":false,"showSkybox":false,"showFlares":true,"showImageEffects":true,"showParticleSystems":true},"in2DMode":false,"pivot":{"x":1.4999998807907105,"y":1.5,"z":2.384185791015625e-7},"rotation":{"x":0.20755290985107423,"y":-0.16893985867500306,"z":0.03643374890089035,"w":0.9628735780715942},"size":7.012503147125244,"orthographic":false}