{"cameraMode":{"drawMode":0,"name":"Shaded","section":"Shading Mode"},"sceneLighting":false,"audioPlay":false,"sceneViewState":{"showFog":true,"showMaterialUpdate":false,"showSkybox":false,"showFlares":true,"showImageEffects":true,"showParticleSystems":true},"in2DMode":false,"pivot":{"x":0.0,"y":-1.1920928955078126e-7,"z":-0.10937485843896866},"rotation":{"x":-0.20728343725204469,"y":-0.011155327782034874,"z":0.002363052451983094,"w":-0.9782227277755737},"size":1.2212809324264527,"orthographic":false}