{"cameraMode":{"drawMode":0,"name":"Shaded","section":"Shading Mode"},"sceneLighting":true,"audioPlay":false,"sceneViewState":{"showFog":true,"showMaterialUpdate":false,"showSkybox":true,"showFlares":true,"showImageEffects":true,"showParticleSystems":true},"in2DMode":false,"pivot":{"x":5.810140132904053,"y":4.170742034912109,"z":10.19549560546875},"rotation":{"x":0.14665335416793824,"y":-0.5558382868766785,"z":0.09935208410024643,"w":0.8127540349960327},"size":0.8016058802604675,"orthographic":false}