{"cameraMode":{"drawMode":0,"name":"Shaded","section":"Shading Mode"},"sceneLighting":true,"audioPlay":false,"sceneViewState":{"showFog":true,"showMaterialUpdate":false,"showSkybox":true,"showFlares":true,"showImageEffects":true,"showParticleSystems":true},"in2DMode":false,"pivot":{"x":-0.0898733139038086,"y":0.5177741050720215,"z":-0.24600934982299806},"rotation":{"x":-0.07540883123874664,"y":0.9074558615684509,"z":-0.18518798053264619,"w":-0.3695172667503357},"size":10.0,"orthographic":false}